tax_table,min_amount,max_amount,dependents,tax_amount,rate,deduction,base_amount,excess_over
otsu,0,105000,0,,,0,,
kou,740000,790000,0,,,0,,740000
kou,740000,790000,1,,,0,,740000
kou,740000,790000,2,,,0,,740000
kou,740000,790000,3,,,0,,740000
kou,740000,790000,4,,,0,,740000
kou,740000,790000,5,,,0,,740000
kou,740000,790000,6,,,0,,740000
kou,740000,790000,7,,,0,,740000
kou,790000,960000,0,,,0,,790000
kou,790000,960000,1,,,0,,790000
kou,790000,960000,2,,,0,,790000
kou,790000,960000,3,,,0,,790000
kou,790000,960000,4,,,0,,790000
kou,790000,960000,5,,,0,,790000
kou,790000,960000,6,,,0,,790000
kou,790000,960000,7,,,0,,790000
kou,960000,1710000,0,,,0,,960000
kou,960000,1710000,1,,,0,,960000
kou,960000,1710000,2,,,0,,960000
kou,960000,1710000,3,,,0,,960000
kou,960000,1710000,4,,,0,,960000
kou,960000,1710000,5,,,0,,960000
kou,960000,1710000,6,,,0,,960000
kou,960000,1710000,7,,,0,,960000
kou,1710000,2130000,0,,,0,,1710000
kou,1710000,2130000,1,,,0,,1710000
kou,1710000,2130000,2,,,0,,1710000
kou,1710000,2130000,3,,,0,,1710000
kou,1710000,2130000,4,,,0,,1710000
kou,1710000,2130000,5,,,0,,1710000
kou,1710000,2130000,6,,,0,,1710000
kou,1710000,2130000,7,,,0,,1710000
kou,2130000,2170000,0,,,0,,2130000
kou,2130000,2170000,1,,,0,,2130000
kou,2130000,2170000,2,,,0,,2130000
kou,2130000,2170000,3,,,0,,2130000
kou,2130000,2170000,4,,,0,,2130000
kou,2130000,2170000,5,,,0,,2130000
kou,2130000,2170000,6,,,0,,2130000
kou,2130000,2170000,7,,,0,,2130000
kou,2170000,2210000,0,,,0,,2170000
kou,2170000,2210000,1,,,0,,2170000
kou,2170000,2210000,2,,,0,,2170000
kou,2170000,2210000,3,,,0,,2170000
kou,2170000,2210000,4,,,0,,2170000
kou,2170000,2210000,5,,,0,,2170000
kou,2170000,2210000,6,,,0,,2170000
kou,2170000,2210000,7,,,0,,2170000
kou,2210000,2250000,0,,,0,,2210000
kou,2210000,2250000,1,,,0,,2210000
kou,2210000,2250000,2,,,0,,2210000
kou,2210000,2250000,3,,,0,,2210000
kou,2210000,2250000,4,,,0,,2210000
kou,2210000,2250000,5,,,0,,2210000
kou,2210000,2250000,6,,,0,,2210000
kou,2210000,2250000,7,,,0,,2210000
kou,2250000,3500000,0,,,0,,2250000
kou,2250000,3500000,1,,,0,,2250000
kou,2250000,3500000,2,,,0,,2250000
kou,2250000,3500000,3,,,0,,2250000
kou,2250000,3500000,4,,,0,,2250000
kou,2250000,3500000,5,,,0,,2250000
kou,2250000,3500000,6,,,0,,2250000
kou,2250000,3500000,7,,,0,,2250000
kou,3500000,,0,,,0,,3500000
kou,3500000,,1,,,0,,3500000
kou,3500000,,2,,,0,,3500000
kou,3500000,,3,,,0,,3500000
kou,3500000,,4,,,0,,3500000
kou,3500000,,5,,,0,,3500000
kou,3500000,,6,,,0,,3500000
kou,3500000,,7,,,0,,3500000
otsu,740000,1710000,0,,,0,,740000
otsu,1710000,,0,,,0,,1710000
