以上,未満,扶養0人,扶養1人,扶養2人,扶養3人,扶養4人,扶養5人,扶養6人,扶養7人,乙,甲の加算率,乙の加算率
105000,107000,,,,,,,,,,,
107000,109000,,,,,,,,,,,
109000,111000,,,,,,,,,,,
111000,113000,,,,,,,,,,,
113000,115000,,,,,,,,,,,
115000,117000,,,,,,,,,,,
117000,119000,,,,,,,,,,,
119000,121000,,,,,,,,,,,
121000,123000,,,,,,,,,,,
123000,125000,,,,,,,,,,,
125000,127000,,,,,,,,,,,
127000,129000,,,,,,,,,,,
129000,131000,,,,,,,,,,,
131000,133000,,,,,,,,,,,
133000,135000,,,,,,,,,,,
135000,137000,,,,,,,,,,,
137000,139000,,,,,,,,,,,
139000,141000,,,,,,,,,,,
141000,143000,,,,,,,,,,,
143000,145000,,,,,,,,,,,
145000,147000,,,,,,,,,,,
147000,149000,,,,,,,,,,,
149000,151000,,,,,,,,,,,
151000,153000,,,,,,,,,,,
153000,155000,,,,,,,,,,,
155000,157000,,,,,,,,,,,
157000,159000,,,,,,,,,,,
159000,161000,,,,,,,,,,,
161000,163000,,,,,,,,,,,
163000,165000,,,,,,,,,,,
165000,167000,,,,,,,,,,,
167000,169000,,,,,,,,,,,
169000,171000,,,,,,,,,,,
171000,173000,,,,,,,,,,,
173000,175000,,,,,,,,,,,
175000,177000,,,,,,,,,,,
177000,179000,,,,,,,,,,,
179000,181000,,,,,,,,,,,
181000,183000,,,,,,,,,,,
183000,185000,,,,,,,,,,,
185000,187000,,,,,,,,,,,
187000,189000,,,,,,,,,,,
189000,191000,,,,,,,,,,,
191000,193000,,,,,,,,,,,
193000,195000,,,,,,,,,,,
195000,197000,,,,,,,,,,,
197000,199000,,,,,,,,,,,
199000,201000,,,,,,,,,,,
201000,203000,,,,,,,,,,,
203000,205000,,,,,,,,,,,
205000,207000,,,,,,,,,,,
207000,209000,,,,,,,,,,,
209000,211000,,,,,,,,,,,
211000,213000,,,,,,,,,,,
213000,215000,,,,,,,,,,,
215000,217000,,,,,,,,,,,
217000,219000,,,,,,,,,,,
219000,221000,,,,,,,,,,,
221000,224000,,,,,,,,,,,
224000,227000,,,,,,,,,,,
227000,230000,,,,,,,,,,,
230000,233000,,,,,,,,,,,
233000,236000,,,,,,,,,,,
236000,239000,,,,,,,,,,,
239000,242000,,,,,,,,,,,
242000,245000,,,,,,,,,,,
245000,248000,,,,,,,,,,,
248000,251000,,,,,,,,,,,
251000,254000,,,,,,,,,,,
254000,257000,,,,,,,,,,,
257000,260000,,,,,,,,,,,
260000,263000,,,,,,,,,,,
263000,266000,,,,,,,,,,,
266000,269000,,,,,,,,,,,
269000,272000,,,,,,,,,,,
272000,275000,,,,,,,,,,,
275000,278000,,,,,,,,,,,
278000,281000,,,,,,,,,,,
281000,284000,,,,,,,,,,,
284000,287000,,,,,,,,,,,
287000,290000,,,,,,,,,,,
290000,293000,,,,,,,,,,,
293000,296000,,,,,,,,,,,
296000,299000,,,,,,,,,,,
299000,302000,,,,,,,,,,,
302000,305000,,,,,,,,,,,
305000,308000,,,,,,,,,,,
308000,311000,,,,,,,,,,,
311000,314000,,,,,,,,,,,
314000,317000,,,,,,,,,,,
317000,320000,,,,,,,,,,,
320000,323000,,,,,,,,,,,
323000,326000,,,,,,,,,,,
326000,329000,,,,,,,,,,,
329000,332000,,,,,,,,,,,
332000,335000,,,,,,,,,,,
335000,338000,,,,,,,,,,,
338000,341000,,,,,,,,,,,
341000,344000,,,,,,,,,,,
344000,347000,,,,,,,,,,,
347000,350000,,,,,,,,,,,
350000,353000,,,,,,,,,,,
353000,356000,,,,,,,,,,,
356000,359000,,,,,,,,,,,
359000,362000,,,,,,,,,,,
362000,365000,,,,,,,,,,,
365000,368000,,,,,,,,,,,
368000,371000,,,,,,,,,,,
371000,374000,,,,,,,,,,,
374000,377000,,,,,,,,,,,
377000,380000,,,,,,,,,,,
380000,383000,,,,,,,,,,,
383000,386000,,,,,,,,,,,
386000,389000,,,,,,,,,,,
389000,392000,,,,,,,,,,,
392000,395000,,,,,,,,,,,
395000,398000,,,,,,,,,,,
398000,401000,,,,,,,,,,,
401000,404000,,,,,,,,,,,
404000,407000,,,,,,,,,,,
407000,410000,,,,,,,,,,,
410000,413000,,,,,,,,,,,
413000,416000,,,,,,,,,,,
416000,419000,,,,,,,,,,,
419000,422000,,,,,,,,,,,
422000,425000,,,,,,,,,,,
425000,428000,,,,,,,,,,,
428000,431000,,,,,,,,,,,
431000,434000,,,,,,,,,,,
434000,437000,,,,,,,,,,,
437000,440000,,,,,,,,,,,
440000,443000,,,,,,,,,,,
443000,446000,,,,,,,,,,,
446000,449000,,,,,,,,,,,
449000,452000,,,,,,,,,,,
452000,455000,,,,,,,,,,,
455000,458000,,,,,,,,,,,
458000,461000,,,,,,,,,,,
461000,464000,,,,,,,,,,,
464000,467000,,,,,,,,,,,
467000,470000,,,,,,,,,,,
470000,473000,,,,,,,,,,,
473000,476000,,,,,,,,,,,
476000,479000,,,,,,,,,,,
479000,482000,,,,,,,,,,,
482000,485000,,,,,,,,,,,
485000,488000,,,,,,,,,,,
488000,491000,,,,,,,,,,,
491000,494000,,,,,,,,,,,
494000,497000,,,,,,,,,,,
497000,500000,,,,,,,,,,,
500000,503000,,,,,,,,,,,
503000,506000,,,,,,,,,,,
506000,509000,,,,,,,,,,,
509000,512000,,,,,,,,,,,
512000,515000,,,,,,,,,,,
515000,518000,,,,,,,,,,,
518000,521000,,,,,,,,,,,
521000,524000,,,,,,,,,,,
524000,527000,,,,,,,,,,,
527000,530000,,,,,,,,,,,
530000,533000,,,,,,,,,,,
533000,536000,,,,,,,,,,,
536000,539000,,,,,,,,,,,
539000,542000,,,,,,,,,,,
542000,545000,,,,,,,,,,,
545000,548000,,,,,,,,,,,
548000,551000,,,,,,,,,,,
551000,554000,,,,,,,,,,,
554000,557000,,,,,,,,,,,
557000,560000,,,,,,,,,,,
560000,563000,,,,,,,,,,,
563000,566000,,,,,,,,,,,
566000,569000,,,,,,,,,,,
569000,572000,,,,,,,,,,,
572000,575000,,,,,,,,,,,
575000,578000,,,,,,,,,,,
578000,581000,,,,,,,,,,,
581000,584000,,,,,,,,,,,
584000,587000,,,,,,,,,,,
587000,590000,,,,,,,,,,,
590000,593000,,,,,,,,,,,
593000,596000,,,,,,,,,,,
596000,599000,,,,,,,,,,,
599000,602000,,,,,,,,,,,
602000,605000,,,,,,,,,,,
605000,608000,,,,,,,,,,,
608000,611000,,,,,,,,,,,
611000,614000,,,,,,,,,,,
614000,617000,,,,,,,,,,,
617000,620000,,,,,,,,,,,
620000,623000,,,,,,,,,,,
623000,626000,,,,,,,,,,,
626000,629000,,,,,,,,,,,
629000,632000,,,,,,,,,,,
632000,635000,,,,,,,,,,,
635000,638000,,,,,,,,,,,
638000,641000,,,,,,,,,,,
641000,644000,,,,,,,,,,,
644000,647000,,,,,,,,,,,
647000,650000,,,,,,,,,,,
650000,653000,,,,,,,,,,,
653000,656000,,,,,,,,,,,
656000,659000,,,,,,,,,,,
659000,662000,,,,,,,,,,,
662000,665000,,,,,,,,,,,
665000,668000,,,,,,,,,,,
668000,671000,,,,,,,,,,,
671000,674000,,,,,,,,,,,
674000,677000,,,,,,,,,,,
677000,680000,,,,,,,,,,,
680000,683000,,,,,,,,,,,
683000,686000,,,,,,,,,,,
686000,689000,,,,,,,,,,,
689000,692000,,,,,,,,,,,
692000,695000,,,,,,,,,,,
695000,698000,,,,,,,,,,,
698000,701000,,,,,,,,,,,
701000,704000,,,,,,,,,,,
704000,707000,,,,,,,,,,,
707000,710000,,,,,,,,,,,
710000,713000,,,,,,,,,,,
713000,716000,,,,,,,,,,,
716000,719000,,,,,,,,,,,
719000,722000,,,,,,,,,,,
722000,725000,,,,,,,,,,,
725000,728000,,,,,,,,,,,
728000,731000,,,,,,,,,,,
731000,734000,,,,,,,,,,,
734000,737000,,,,,,,,,,,
737000,740000,,,,,,,,,,,
